Source,Destination,Weight,Timestamp
6,2,4,1289241911.72836
6,5,2,1289241941.53378
1,15,1,1289243140.39049
4,3,7,1289245277.36975
13,16,8,1289254254.44746
13,10,8,1289254300.79514
7,5,1,1289362700.47913
2,21,5,1289370556.80938
2,20,5,1289370622.21473
21,2,5,1289380981.52787
21,1,8,1289441411.46365
21,10,8,1289441438.4426
21,8,9,1289441450.59006
21,3,7,1289441525.73831
17,3,5,1289442313.03711
17,23,1,1289489668.48486
10,1,8,1289555656.32898
10,6,7,1289555731.22217
10,21,8,1289555745.64663
10,8,1,1289555767.7095
10,25,10,1289555841.66508
10,2,7,1289555871.04233
10,3,7,1289555875.70958
4,26,1,1289641693.99029
26,4,1,1289641703.57785
5,1,3,1289660298.87048
5,6,3,1289660319.00982
5,7,1,1289660347.43795
1,5,4,1289710643.19963
6,4,2,1289770700.4293
4,6,5,1289770756.50297
2,4,5,1289771303.53929
17,28,1,1289836081.52099
17,13,2,1289873367.89538
13,17,2,1289873611.94452
13,29,2,1290088212.27332
29,13,2,1290090118.30882
17,20,2,1290108486.68868
4,31,1,1290197549.13082
31,4,2,1290197554.48422
32,6,1,1290300441.66925
13,1,8,1290520563.53596
7,34,1,1290644457.56157
34,7,1,1290644477.40213
32,1,1,1290666928.42163
1,32,1,1290666953.43175
1,34,1,1290750434.01249
34,1,1,1290752776.47886
34,13,1,1290758643.30207
13,34,1,1290761556.7369
6,7,5,1290826367.17211
7,6,3,1290826591.42034
1,17,9,1290969236.78019
1,31,2,1291052764.71454
31,1,3,1291055972.91439
35,6,2,1291056174.72596
1,13,3,1291090930.69481
36,37,1,1291157823.29216
37,36,1,1291159845.12556
35,1,1,1291159911.11891
17,1,9,1291217882.28299
8,1,3,1291315232.33698
7,29,2,1291376109.62385
1,20,2,1291505266.30993
37,44,1,1291515528.23159
44,37,1,1291515697.49227
39,45,1,1291578872.19781
39,7,3,1291590274.45619
39,44,1,1291591178.25959
44,39,1,1291591211.84395
23,17,1,1291623781.12772
23,19,1,1291623787.90955
36,46,1,1291684579.71178
46,36,1,1291684612.11599
47,1,2,1291740270.94728
13,7,1,1291757016.29721
7,13,1,1291757031.50303
29,51,1,1292070534.03952
51,29,1,1292071378.89261
29,52,1,1292085236.69986
52,29,1,1292085280.0736
45,39,2,1292099160.9751
45,53,2,1292189306.47485
53,45,2,1292189412.5311
45,54,2,1292193828.31273
54,45,2,1292195062.40986
1,54,1,1292196392.21474
54,1,1,1292196407.13906
7,3,6,1292200462.1576
36,41,2,1292206237.08404
41,36,2,1292206272.45044
36,21,2,1292297572.76433
21,36,2,1292297608.09604
7,36,3,1292361185.86524
36,7,4,1292361298.90511
7,53,4,1292442401.75654
53,7,4,1292442432.71184
7,55,1,1292447857.20632
55,7,1,1292490376.23637
29,7,2,1292716197.42619
4,57,5,1292795818.34165
39,21,2,1292819158.23834
21,39,2,1292819328.73322
4,61,2,1292823618.44624
61,4,3,1292823672.32603
61,20,8,1292823684.25402
61,2,2,1292823727.667
35,65,1,1292920838.87248
65,35,2,1292935948.10307
56,1,2,1292957157.40408
1,56,2,1292957195.7147
4,66,2,1293050723.00352
66,4,2,1293054742.65514
21,7,5,1293191604.74618
7,20,4,1293409870.96218
35,69,1,1293448472.81444
35,70,1,1293448479.2438
39,69,2,1293453341.91475
69,39,2,1293453456.20721
69,35,2,1293453463.2234
1,71,1,1293481238.15303
71,1,8,1293481551.96527
7,28,2,1293481688.78585
28,7,1,1293482234.62328
4,72,4,1293523499.48644
1,74,1,1293579274.01007
74,1,1,1293579280.83393
41,75,1,1293583961.4875
68,64,1,1293603105.36008
76,7,1,1293604543.59049
7,76,1,1293604590.1113
7,19,5,1293632316.69358
32,23,1,1293643257.60649
23,32,1,1293646340.181
23,20,1,1293661055.82282
61,77,4,1293665840.7407
1,78,1,1293749573.83432
78,1,1,1293749669.21687
60,41,1,1293819840.40947
41,60,1,1293820339.69123
78,60,1,1293831460.95955
60,78,1,1293831479.76095
57,4,2,1293843254.06475
23,69,1,1293888120.91641
69,23,1,1293888137.47196
64,68,1,1293930357.98644
35,79,1,1293994479.85825
79,35,1,1293996991.46985
41,4,1,1294081163.014
4,41,1,1294081177.89816
1,68,2,1294083688.36895
68,1,2,1294083725.97495
69,28,3,1294126590.415
28,69,3,1294152392.91925
64,80,1,1294190542.60702
17,81,1,1294192094.04763
81,17,1,1294192614.67232
69,62,1,1294244410.4263
62,69,1,1294249080.61302
41,83,1,1294262869.27706
41,104,1,1294267264.64071
83,41,1,1294267277.04065
41,86,1,1294271217.57214
86,41,1,1294274023.32141
104,41,1,1294285068.74772
4,87,1,1294300030.22996
87,4,1,1294300186.31404
81,69,2,1294395970.3296
69,81,2,1294396076.49534
41,89,1,1294426072.97569
89,41,1,1294429629.84466
60,87,1,1294429932.32732
87,60,1,1294429999.78412
7,89,2,1294438542.46541
89,7,2,1294439193.84082
64,94,1,1294546375.24239
41,70,1,1294595719.20179
94,64,1,1294599138.54006
70,95,1,1294600321.90078
95,70,3,1294600354.23511
70,41,1,1294600355.24831
70,35,1,1294600362.03195
39,17,3,1294689381.25255
17,39,1,1294689438.39491
70,96,1,1294788721.90836
96,70,3,1294854693.16331
15,97,2,1294919858.69515
97,15,2,1294927076.83628
69,99,4,1294947596.86945
99,69,1,1294953308.35973
88,7,3,1294974057.98044
1,81,1,1294982042.23521
70,15,1,1294996843.91845
15,70,1,1295011593.79396
81,1,1,1295060559.46632
1,101,1,1295163873.99206
62,54,2,1295213497.49792
54,62,2,1295213513.50181
101,1,1,1295219864.74438
100,101,1,1295223074.80015
101,103,1,1295223955.11582
80,25,2,1295282631.45186
100,60,2,1295394666.14979
39,4,1,1295416559.00524
4,39,1,1295416571.50888
41,105,1,1295460035.88087
72,4,4,1295507765.13172
96,106,1,1295538196.77426
106,96,1,1295560693.07907
81,107,2,1295620829.44948
107,81,3,1295622238.77534
60,108,1,1295647515.55323
108,60,1,1295647536.52286
97,68,1,1295720115.42616
68,97,1,1295720324.59948
96,107,2,1295806593.89702
7,109,1,1295847189.68733
109,7,1,1295847197.87082
41,110,1,1295990232.96892
41,68,1,1295995414.74313
68,41,1,1295995480.14498
107,96,2,1296071385.99524
23,7,5,1296076062.49974
7,111,1,1296085723.47309
111,7,1,1296085847.78287
64,112,2,1296096741.77722
112,64,2,1296096768.61653
112,77,1,1296163310.87274
112,115,2,1296163344.67709
112,60,4,1296163403.15362
60,112,4,1296164244.66224
109,39,1,1296229412.30641
39,109,1,1296229420.53809
6,114,2,1296291457.0187
114,39,1,1296291483.02942
6,32,1,1296291723.90977
39,114,1,1296291878.91863
47,7,1,1296512060.00051
1,119,1,1296512102.9696
119,1,10,1296513384.09698
100,1,3,1296513427.30484
100,7,4,1296528583.06603
7,100,2,1296528668.83435
7,47,1,1296528718.47876
7,122,1,1296553673.17861
122,7,1,1296553681.63051
23,108,1,1296579082.73748
108,23,1,1296579092.82596
108,104,1,1296580101.4228
104,108,1,1296580127.98678
60,56,2,1296595302.62143
115,77,3,1296601381.26798
119,127,10,1296608630.85714
119,25,1,1296609273.32248
1,2,8,1296629343.62073
1,76,2,1296631215.11468
76,1,2,1296631324.44843
1,23,6,1296657671.10019
54,129,1,1296682612.84857
116,7,2,1296688733.36417
7,116,2,1296688773.26321
54,13,2,1296690713.9312
13,54,2,1296690764.78868
77,39,3,1296754197.20889
77,15,1,1296754335.65361
77,6,3,1296754391.49849
77,1,3,1296754396.24231
77,23,1,1296754414.29012
77,28,3,1296754435.61868
77,115,3,1296754444.14572
77,112,1,1296754511.90955
77,131,1,1296754599.04721
77,61,3,1296754644.6621
129,54,1,1296758779.86266
54,2,2,1296769471.34734
2,54,2,1296769494.33436
127,119,10,1296772979.27922
127,132,1,1296773129.83712
132,127,2,1296774360.49458
7,133,1,1296792123.6835
133,7,1,1296792359.704
105,41,1,1296837862.5248
41,64,1,1296868252.526
64,41,1,1296868317.36329
57,110,1,1296870068.1895
113,125,2,1296884305.28705
125,113,2,1296884644.81214
54,7,6,1296913225.27207
7,54,5,1296913557.93463
113,23,2,1296927382.06491
113,135,2,1296927424.46441
135,113,2,1296927623.98348
78,36,2,1297093748.02624
36,78,2,1297093804.32766
2,132,2,1297102509.39137
132,2,2,1297102585.30881
96,15,4,1297187359.235
110,57,1,1297197836.3746
110,41,1,1297197843.90423
132,28,1,1297206554.68267
28,132,1,1297207240.84724
111,1,1,1297291837.5104
132,134,1,1297301158.11584
134,132,1,1297301164.4001
132,100,1,1297308204.52492
100,132,1,1297308356.09497
41,137,1,1297315440.13542
15,96,3,1297359911.12964
137,41,1,1297367601.17088
7,137,1,1297370441.70883
137,7,1,1297371118.2643
1,138,1,1297373817.09734
138,1,1,1297374204.87255
132,138,1,1297378806.44562
138,132,1,1297378871.13707
100,111,1,1297385761.43817
111,100,1,1297385922.89955
100,64,1,1297386367.25667
64,100,1,1297386418.35483
41,140,1,1297461521.01176
140,41,1,1297462874.48356
7,60,5,1297467512.37907
60,100,2,1297479764.51934
7,141,2,1297482206.04112
141,134,5,1297489409.50331
134,141,5,1297494046.21813
141,7,3,1297494086.69858
132,21,5,1297533099.47819
139,132,1,1297533751.04344
132,139,1,1297534217.73791
78,132,3,1297550942.57838
2,3,8,1297570107.33404
132,142,1,1297621909.86333
142,132,1,1297626301.05187
110,142,1,1297626584.94084
1,110,1,1297627293.10108
110,1,1,1297627348.99267
142,110,1,1297628387.63165
110,76,2,1297644400.67612
2,142,1,1297647973.79808
142,2,1,1297647979.65596
110,143,1,1297652993.62903
143,110,1,1297653023.0515
75,132,1,1297686544.7679
110,134,1,1297722488.03348
134,110,1,1297723090.50627
132,144,1,1297734450.42201
144,132,1,1297734459.94641
1,145,1,1297789863.89503
145,1,1,1297789935.51858
146,2,1,1297807903.35418
60,147,1,1297809191.75732
41,148,1,1297812539.28516
148,41,1,1297812615.38151
23,113,4,1297815736.60998
21,132,2,1297824884.76968
93,81,2,1297844414.54098
78,149,1,1297866186.48689
149,150,1,1297866223.36195
150,149,1,1297866274.16062
132,75,1,1297872866.38282
2,110,1,1297878331.02521
110,2,1,1297878338.83964
110,144,1,1297878360.64792
144,110,1,1297878526.43474
41,147,1,1297882010.56212
147,41,1,1297882595.23626
132,152,1,1297886091.49672
104,153,2,1297893560.04423
81,93,3,1297907214.44135
152,154,1,1297908772.11966
154,152,2,1297908772.2987
152,75,1,1297908985.0441
110,155,1,1297910664.51101
132,156,4,1297911997.64031
156,132,4,1297912087.2256
132,113,3,1297915803.12114
113,132,3,1297915880.11482
155,110,1,1297915937.36182
41,157,1,1297959915.11871
157,41,1,1297961344.45289
149,132,1,1297976227.00216
132,149,1,1297976241.97774
113,158,1,1297976422.39242
158,113,2,1297976428.09406
56,7,3,1297980364.62058
7,56,3,1297980493.92464
41,132,1,1298044125.36115
153,104,2,1298047000.34432
132,41,1,1298054259.082
114,1,2,1298056076.44243
1,114,2,1298061893.74143
1,111,2,1298062294.48387
60,160,1,1298072059.67671
160,60,1,1298072081.95273
114,149,1,1298128067.61391
149,114,1,1298130582.32069
114,146,1,1298146050.01677
78,146,1,1298146920.37648
146,78,1,1298147261.90571
122,78,1,1298147284.26115
132,78,3,1298147302.06896
146,114,1,1298147389.6971
114,21,1,1298169867.27033
7,161,3,1298169938.52399
161,7,3,1298169949.76348
21,114,1,1298176196.50247
132,104,1,1298252029.59932
104,132,1,1298252036.65929
132,157,2,1298265265.40787
157,132,2,1298265838.45333
1,7,9,1298267256.42074
7,1,7,1298267346.36932
132,162,1,1298311685.25666
162,132,1,1298311859.99465
41,163,1,1298314076.7642
163,41,1,1298314093.59449
41,162,1,1298315497.57346
162,41,1,1298315517.02448
2,149,1,1298346435.18333
149,2,1,1298346449.83965
75,41,2,1298399915.40633
143,81,1,1298431338.72708
143,80,1,1298431427.57506
80,143,1,1298431543.83973
1,165,1,1298487310.22405
165,1,1,1298487318.2625
152,166,1,1298513462.94598
166,152,1,1298513680.51537
2,166,1,1298520615.60603
166,2,1,1298520693.71134
110,104,1,1298577705.04351
41,167,1,1298584878.7568
167,41,1,1298584913.75006
41,168,1,1298589589.74716
168,41,1,1298589707.36911
132,169,2,1298611411.8562
169,132,2,1298611459.2624
81,149,1,1298623979.12249
142,170,1,1298645238.44312
170,142,1,1298645445.29018
45,171,2,1298646564.1419
171,45,2,1298647569.99753
64,166,1,1298653534.32262
166,64,1,1298653559.5885
113,166,1,1298654517.41338
166,113,1,1298654517.67884
60,104,2,1298654789.70468
60,172,1,1298657430.1608
64,3,1,1298665050.04055
113,173,2,1298665394.71677
173,113,1,1298667151.55806
41,174,1,1298667648.20343
172,60,1,1298667687.63676
166,156,2,1298694079.99209
156,166,2,1298694137.71932
175,7,2,1298708156.9605
45,176,3,1298740675.71722
161,144,1,1298757244.9581
144,161,1,1298757268.91873
7,166,1,1298759550.40835
161,177,1,1298778315.23466
177,161,1,1298778361.05062
149,129,1,1298795455.87274
129,149,1,1298795468.73169
144,178,1,1298843671.57232
178,144,1,1298843683.57829
75,1,2,1298844200.38302
75,179,1,1298844210.44139
179,75,1,1298844224.27972
75,62,2,1298844292.26319
62,75,2,1298844298.06062
143,173,1,1298874597.88921
149,173,1,1298874793.4339
173,149,1,1298874964.12214
173,143,1,1298875015.9994
166,180,1,1298878912.59071
180,166,1,1298878996.51595
174,41,1,1298880775.10185
149,81,3,1298898116.56088
144,143,1,1298926935.42354
143,144,1,1298927097.42467
60,148,2,1298928760.87298
148,60,2,1298928785.24844
2,156,1,1298929715.26896
156,2,1,1298929724.58619
1,19,6,1298950354.24875
132,181,1,1299031253.02273
181,132,1,1299031290.36311
135,181,1,1299032633.45305
181,135,1,1299032672.09509
132,159,1,1299034389.95688
159,132,1,1299034411.42346
135,143,1,1299038270.00007
143,135,1,1299038484.57114
148,182,1,1299041120.30215
182,148,1,1299041133.74616
144,181,1,1299041571.84638
181,144,1,1299041643.76656
181,183,2,1299043467.00321
183,181,2,1299043551.71672
143,183,1,1299044294.86964
183,143,1,1299044403.24181
142,64,1,1299085320.83416
64,142,1,1299085332.11705
184,7,2,1299087811.16481
7,184,2,1299088214.0403
80,7,1,1299088418.20491
7,78,1,1299093649.42249
78,7,1,1299093674.94716
147,179,1,1299101381.01691
179,147,1,1299103258.85242
7,185,1,1299151907.92823
185,7,1,1299152111.95803
176,45,1,1299178292.56269
183,186,1,1299204600.79527
186,183,1,1299204728.25571
135,187,1,1299204954.18879
187,135,1,1299205271.37817
33,7,2,1299206112.20518
7,33,2,1299206119.67434
78,144,3,1299275608.11165
7,188,1,1299283600.03025
188,7,1,1299283609.0378
104,189,2,1299289949.53986
189,104,2,1299290475.70162
104,190,1,1299304119.32378
190,104,1,1299304159.52682
104,110,2,1299436669.14931
104,191,1,1299438045.59458
191,104,1,1299438055.41055
104,113,1,1299446922.31054
113,104,1,1299446966.29133
6,173,3,1299447999.63164
110,7,1,1299490927.29325
104,171,1,1299521852.61123
171,104,1,1299526904.15252
143,192,1,1299530754.61514
192,143,1,1299530789.68515
60,159,2,1299531271.8705
159,60,2,1299531324.89171
2,1,8,1299556897.11787
57,25,2,1299557057.61949
60,178,2,1299612557.68516
7,35,2,1299679074.43262
60,193,1,1299680713.48263
193,60,1,1299690391.59665
60,194,1,1299695064.64841
194,178,1,1299695092.12404
194,60,1,1299695193.58884
178,194,1,1299696030.98944
7,195,1,1299732938.35009
195,7,1,1299732959.82189
29,60,2,1299735274.57295
62,196,1,1299758045.42469
196,62,1,1299758069.10407
60,29,2,1299767299.46624
60,191,4,1299770716.79434
7,156,1,1299912911.49571
156,7,1,1299912916.6564
60,198,1,1299950085.78986
60,199,1,1299985463.22153
199,60,1,1299985655.09101
7,200,2,1300015561.6701
200,7,2,1300015951.74518
132,198,2,1300042936.98914
198,132,1,1300043117.64593
35,7,2,1300184211.54803
194,201,1,1300209236.17869
201,194,1,1300211126.02863
100,202,1,1300226423.7699
202,100,1,1300226820.80052
142,203,1,1300231849.32684
203,142,1,1300232683.219
7,204,1,1300232688.61261
142,60,1,1300233490.26657
7,110,3,1300240396.64097
60,205,1,1300244368.07308
206,201,1,1300261803.24489
201,206,1,1300262138.70326
207,7,2,1300292102.85217
200,62,1,1300330194.91876
60,75,3,1300332304.32471
75,60,3,1300332465.49224
75,7,3,1300333012.95413
60,209,3,1300402382.46128
7,210,1,1300411884.69399
210,7,1,1300414645.92746
142,143,2,1300459755.42946
143,142,2,1300459768.82549
60,142,1,1300473495.35943
7,206,2,1300568050.6267
149,209,1,1300652885.59238
120,7,5,1300708855.39164
7,207,3,1300720137.00426
7,96,1,1300745124.00214
104,179,-1,1300756036.36913
200,179,-1,1300756138.39013
149,179,-1,1300756261.61723
96,7,2,1300789107.18729
56,60,2,1300815962.85964
202,211,1,1300839352.59369
200,13,1,1300839891.18732
13,200,1,1300839913.56754
211,202,1,1300844813.10287
104,149,1,1300847913.88432
149,104,1,1300848458.62375
104,60,3,1300857385.78325
149,62,1,1300864405.05485
167,211,1,1300869245.91488
206,7,2,1300922187.70427
202,212,1,1300928213.78487
212,202,1,1300928240.52163
212,209,1,1300931572.43768
60,212,4,1300933559.35294
212,60,4,1300933628.40347
101,134,1,1300933841.61542
60,213,2,1300933940.81493
213,60,2,1300934003.34278
134,101,1,1300934772.96625
212,7,1,1300936616.54053
212,132,1,1300936648.23633
212,29,1,1300937004.55166
143,153,1,1300997414.74007
153,143,2,1300998238.60245
35,110,2,1301003730.28041
135,214,1,1301005357.37453
143,215,1,1301019703.69875
215,143,1,1301019908.37738
29,212,1,1301020983.01394
7,212,1,1301023265.29454
135,152,1,1301029977.05713
7,179,-1,1301032557.19767
39,149,4,1301053223.02334
149,39,4,1301053275.06746
214,216,1,1301084932.76856
216,214,1,1301086321.13469
174,112,1,1301089005.69938
153,202,1,1301105775.10627
29,120,2,1301142985.03367
60,217,2,1301148833.16292
60,218,1,1301149633.64025
218,60,1,1301149695.18141
209,212,1,1301167471.06378
217,60,2,1301168075.27677
217,3,5,1301168216.3998
135,179,-1,1301193533.06173
176,219,1,1301235483.09664
219,176,1,1301235508.69089
219,110,1,1301235545.31582
176,220,1,1301245064.58624
1,223,7,1301329948.91762
60,1,7,1301333077.92972
60,7,7,1301333083.16938
39,2,8,1301333302.87472
202,176,1,1301339345.99901
176,202,1,1301339497.00076
60,224,4,1301341025.09
1,225,1,1301354601.2876
225,1,1,1301354685.48414
225,209,1,1301354726.36129
29,1,4,1301365737.22085
29,219,1,1301365871.60088
219,29,1,1301366024.41918
1,132,1,1301366233.10452
1,227,1,1301369843.28328
227,1,1,1301369929.12868
60,228,1,1301439895.52296
225,45,1,1301447178.01603
60,214,2,1301453104.26438
199,185,1,1301513674.37768
185,199,1,1301514094.92735
60,230,1,1301521482.93868
60,231,1,1301522462.81942
231,60,1,1301523090.45585
7,232,3,1301569599.51207
1,104,1,1301600149.38126
104,1,2,1301600346.82901
33,1,8,1301607874.4924
62,149,1,1301613622.54372
29,171,1,1301617653.67475
206,233,1,1301618418.8494
233,206,1,1301618444.55443
232,7,2,1301630013.46087
60,208,3,1301683978.58539
208,60,3,1301684509.79047
206,234,1,1301694942.53723
234,206,1,1301695371.53818
235,7,5,1301744132.96548
222,7,2,1301774795.68179
104,202,3,1301785228.57015
202,104,3,1301785244.12798
202,236,1,1301820795.67287
236,202,1,1301821269.51203
202,237,1,1301827089.371
237,202,10,1301827807.72056
149,238,1,1301863197.31473
238,149,1,1301863380.16357
39,239,1,1301866633.93795
239,64,1,1301866651.50438
239,39,1,1301866658.16656
202,135,2,1301897258.59866
135,202,2,1301897279.19406
2,7,5,1301898700.00283
2,60,5,1301898705.01812
2,62,8,1301898738.21734
2,77,2,1301898759.93158
7,2,5,1301899167.88298
7,39,5,1301899174.23402
7,41,5,1301899185.05481
7,21,5,1301899226.79428
7,72,2,1301899299.67572
7,62,6,1301899326.87125
208,62,1,1301901227.83931
206,240,1,1301901459.51033
240,206,2,1301901471.90318
62,208,1,1301901475.36796
231,241,1,1301936770.23107
39,143,2,1301938972.97953
143,39,2,1301939041.53778
241,231,1,1301941162.33583
60,242,6,1301945086.58244
242,60,6,1301945156.92203
135,2,1,1301972936.39276
204,7,1,1301973637.93208
1,64,3,1301975394.34679
64,1,3,1301975615.66909
202,244,1,1301998379.28746
244,60,2,1301999041.33397
202,56,1,1302005850.75124
56,202,1,1302005904.06754
164,60,5,1302011702.12912
60,164,5,1302011716.65014
204,80,1,1302012515.57348
56,114,1,1302012678.63861
149,80,5,1302016172.14603
1,245,1,1302017978.22264
241,80,3,1302025647.35766
35,246,1,1302027410.92431
246,35,1,1302027786.63124
1,247,1,1302043777.83291
247,1,1,1302043935.46555
80,241,3,1302044439.63816
80,64,1,1302044526.12678
80,204,1,1302044550.36239
80,149,5,1302044581.24267
80,81,8,1302044652.10865
228,60,2,1302055573.88593
72,21,1,1302069957.59209
35,248,2,1302082638.35105
248,35,2,1302082712.11024
244,245,2,1302096657.23576
245,244,2,1302097036.37516
245,250,1,1302103935.61212
250,245,1,1302103959.46268
60,251,1,1302107640.20041
60,250,3,1302108245.39571
250,60,3,1302108321.25808
7,175,2,1302112511.70515
166,206,1,1302117349.64077
206,166,1,1302117447.02989
60,244,4,1302121400.1563
166,158,1,1302132473.03542
215,249,1,1302136505.95479
249,215,1,1302136666.07502
60,243,5,1302203707.81714
243,60,6,1302203835.70195
60,252,1,1302204154.31343
252,60,1,1302204187.96469
253,95,1,1302212934.15979
143,7,5,1302236703.97441
7,143,4,1302236754.91664
1,234,1,1302237679.6853
234,1,1,1302237928.02605
251,245,1,1302246462.50509
245,251,1,1302246492.70812
60,88,2,1302278539.02512
88,60,4,1302279515.49002
88,104,3,1302279761.22593
104,88,3,1302287609.45711
60,255,1,1302289159.55323
255,60,1,1302289547.82167
29,251,2,1302290506.1325
166,7,3,1302290513.17185
251,29,2,1302290516.59398
251,60,5,1302292040.5721
251,1,5,1302292044.59373
251,202,5,1302292056.33274
1,251,2,1302292173.95028
164,163,1,1302292905.39664
206,256,1,1302296393.61884
256,206,1,1302296410.68733
60,257,10,1302296668.90613
6,258,1,1302322673.83153
258,6,1,1302322871.16228
64,219,1,1302323406.62678
258,259,1,1302333277.12914
259,258,2,1302335098.12836
1,260,1,1302449430.17889
7,260,4,1302449755.37367
1,261,1,1302453499.78746
261,1,1,1302454856.85179
202,158,1,1302482453.1886
256,153,1,1302495086.26435
202,240,2,1302496979.47426
240,202,2,1302496999.18794
244,113,1,1302530478.1929
244,114,1,1302534403.24766
207,262,1,1302543865.71495
262,207,1,1302543928.24847
23,263,2,1302565807.95899
60,264,4,1302617059.0161
60,265,4,1302617703.32199
265,60,4,1302618615.20687
149,266,1,1302639445.78691
266,149,1,1302639465.88425
35,267,1,1302639584.04456
267,35,1,1302639594.24471
202,141,1,1302641206.60453
141,202,1,1302641237.23526
6,268,3,1302648708.99925
266,60,5,1302648768.56717
229,215,1,1302652617.51579
215,229,1,1302652619.89266
141,41,1,1302659093.709
242,141,1,1302659161.53761
141,242,1,1302659185.59919
215,221,2,1302659794.35446
268,6,3,1302659889.30505
221,215,2,1302660915.73231
221,269,1,1302660923.43809
269,221,1,1302661144.3117
269,3,1,1302661676.62094
41,141,1,1302666289.3934
60,269,1,1302707523.2397
153,7,1,1302713671.69297
249,167,1,1302722251.86399
221,171,1,1302725616.99514
1,109,1,1302729569.61908
202,230,1,1302740432.54859
171,221,1,1302745364.87522
171,235,2,1302747220.14808
235,171,1,1302747939.81542
64,7,3,1302750631.70804
177,1,4,1302752567.01549
60,77,4,1302790887.38111
149,25,10,1302791427.3307
1,271,1,1302800924.19661
271,1,1,1302800937.45189
221,272,1,1302814706.88712
272,221,1,1302814788.93336
202,153,4,1302817543.85249
60,261,2,1302818032.37702
261,60,2,1302818176.74099
60,273,2,1302818420.69705
23,231,1,1302820322.40181
7,243,4,1302824119.085
230,202,2,1302825832.23655
144,78,5,1302842625.08982
144,153,1,1302842652.67125
269,7,1,1302845151.17931
7,269,1,1302845532.66568
1,274,1,1302847189.76303
274,1,1,1302847200.44657
141,1,2,1302881091.40027
1,141,1,1302881463.21927
141,273,1,1302881660.53253
141,275,1,1302881716.56255
60,276,3,1302882663.48147
276,60,3,1302882727.21246
141,256,1,1302883016.61397
270,277,1,1302883800.22379
256,141,1,1302885177.36545
277,270,1,1302887909.58358
202,127,1,1302888454.20976
167,249,1,1302895949.56359
275,141,1,1302902855.06206
221,202,4,1302904462.42451
202,221,4,1302904613.50992
221,64,1,1302906349.12986
206,221,1,1302917070.79383
221,206,1,1302918774.91556
273,60,3,1302920250.19332
60,279,2,1302923640.05259
219,64,5,1302923672.39342
219,109,1,1302923731.87447
219,21,5,1302924030.13264
279,60,8,1302924331.03873
202,278,3,1302928520.55802
278,202,3,1302928586.56327
206,29,1,1302932650.78467
29,206,1,1302932675.14829
280,281,1,1302933257.32159
206,282,1,1302933285.10365
242,274,1,1302933633.32301
282,206,1,1302933663.71517
283,284,10,1302958659.96369
7,240,2,1302970025.95609
7,285,1,1302978023.97721
202,286,1,1302978044.28952
286,202,1,1302978081.78907
256,287,1,1302990371.15432
287,256,1,1302991007.04608
202,288,1,1302995384.62134
288,202,1,1302995611.55773
257,265,4,1303021207.75337
257,242,5,1303021210.01436
257,104,5,1303021213.96774
257,60,5,1303021221.59123
202,134,2,1303021542.45496
134,202,1,1303022826.24276
37,219,2,1303055665.67399
219,37,2,1303055677.04459
290,215,1,1303064582.67538
215,290,1,1303064621.364
284,283,10,1303064666.45267
245,291,1,1303066398.74266
291,245,1,1303066422.7527
292,202,1,1303076403.988
217,149,1,1303080084.25373
149,217,1,1303080211.60651
224,257,4,1303080730.55375
224,60,5,1303080818.11106
224,144,1,1303081272.30198
144,224,1,1303081506.88679
224,171,1,1303083553.72312
171,224,1,1303083824.63758
135,293,1,1303084783.03146
21,60,5,1303085826.86171
199,104,1,1303090859.30757
7,294,1,1303099054.93551
294,7,1,1303099322.50252
293,204,1,1303113301.68098
204,293,1,1303113398.11481
231,28,1,1303114586.23407
274,295,2,1303115280.50916
295,274,2,1303115648.8389
202,292,1,1303121613.1391
249,64,1,1303136046.42943
230,101,2,1303154040.49594
1,296,1,1303161461.95713
64,249,1,1303168886.31513
229,297,1,1303168898.16831
297,229,1,1303168905.59715
4,282,2,1303175312.55388
282,4,2,1303175839.85251
298,299,1,1303192071.75571
299,298,1,1303192108.97372
257,29,5,1303197787.15083
271,202,1,1303205377.55264
202,271,1,1303205387.07125
272,7,2,1303251534.06528
7,272,2,1303251550.345
37,301,1,1303252801.98936
301,37,1,1303252805.75341
60,299,2,1303253191.86247
299,60,3,1303253327.18892
29,302,1,1303256262.8433
135,303,1,1303256893.33403
303,135,1,1303256975.46436
64,301,1,1303257293.9611
301,64,1,1303257295.45308
214,60,3,1303257371.27207
29,304,1,1303258734.82521
304,29,1,1303258968.10963
7,254,1,1303263457.99911
254,7,1,1303263494.46938
17,254,1,1303264358.25127
7,135,2,1303269567.19431
284,21,1,1303278095.6189
282,305,1,1303280196.19433
305,282,1,1303280237.42379
282,306,1,1303282173.97886
306,282,1,1303282190.53093
60,229,2,1303338920.24671
229,60,2,1303338935.30631
144,282,1,1303342751.31404
282,144,1,1303342876.66572
206,307,1,1303344910.5805
39,308,2,1303345804.65132
307,206,1,1303348286.09602
1,180,1,1303356386.92155
180,1,1,1303356404.35379
235,20,1,1303357170.26507
29,198,1,1303359602.70177
198,29,1,1303359614.46297
198,60,2,1303360208.24803
29,274,2,1303361096.159
280,29,1,1303361103.80481
274,29,2,1303361107.1509
29,280,1,1303361108.41975
202,206,3,1303361238.56362
206,202,3,1303361248.8609
274,204,1,1303377388.76064
204,274,1,1303377420.19429
204,186,2,1303387704.0627
186,204,2,1303387833.90276
7,266,2,1303391987.2434
60,223,7,1303396798.83528
257,279,4,1303406592.00074
15,167,1,1303416432.96096
167,15,1,1303416561.67917
171,309,1,1303416673.95908
309,171,1,1303416692.2218
310,282,1,1303424581.71549
257,274,5,1303438992.92732
28,231,1,1303447886.00988
202,204,2,1303466558.222
204,202,2,1303466727.74948
21,308,6,1303483211.91199
1,311,1,1303486159.97165
311,1,1,1303486333.77772
1,312,1,1303486511.39637
312,1,1,1303486645.72948
60,312,4,1303487897.75142
312,60,2,1303488818.96655
206,273,2,1303499486.23316
273,206,2,1303499671.62036
304,93,1,1303531167.4133
93,304,1,1303531284.82452
93,62,3,1303531650.07417
312,221,1,1303535867.44393
21,93,8,1303540925.97946
93,21,8,1303540941.34585
7,314,2,1303544457.63505
257,314,4,1303546993.98663
7,249,1,1303553119.7487
314,257,4,1303559784.21938
274,108,1,1303561052.70167
254,17,2,1303579036.67632
41,233,2,1303583404.90582
45,313,1,1303599238.17432
45,315,1,1303607468.8259
60,202,3,1303617429.92542
64,316,1,1303618161.48302
316,64,1,1303618177.17361
316,274,1,1303618242.19634
64,317,1,1303618819.34451
317,64,1,1303618999.73077
45,318,1,1303622727.77243
318,45,1,1303622762.64221
319,284,1,1303627971.19886
76,110,3,1303627972.45148
257,275,4,1303633389.9722
312,62,1,1303640861.02325
62,312,1,1303640911.48296
313,45,10,1303644082.76252
284,319,1,1303665639.11747
320,60,1,1303673490.21872
240,7,4,1303676697.10681
214,221,1,1303680595.23137
221,214,1,1303680597.71392
108,7,1,1303683484.78537
7,108,1,1303683667.37366
202,322,1,1303684673.89862
322,202,1,1303684737.20912
314,7,4,1303685320.94541
249,323,1,1303685391.59344
323,249,1,1303685478.49709
215,324,1,1303692043.75834
7,219,1,1303692370.73546
219,7,2,1303692374.89948
7,228,1,1303692429.76732
228,7,1,1303693074.60969
324,215,1,1303693729.38586
62,304,1,1303696033.47995
304,62,1,1303696053.42083
62,325,1,1303701960.4573
62,202,2,1303702188.94516
202,62,4,1303702300.05212
7,326,1,1303702693.65596
326,7,1,1303702717.18495
62,285,1,1303703560.66143
285,62,1,1303703578.12238
57,7,8,1303705452.21321
321,274,2,1303705456.42257
274,321,2,1303705502.08638
274,327,1,1303716775.58051
327,274,1,1303716827.29618
29,328,1,1303725238.7572
328,29,1,1303725563.20402
322,329,1,1303738638.32319
329,322,1,1303739054.90476
199,219,1,1303739675.311
313,135,1,1303740039.16592
321,202,3,1303750939.19679
202,321,3,1303750968.04362
239,28,1,1303751776.57371
7,296,4,1303754914.81181
257,334,3,1303762987.23233
257,338,5,1303762992.09364
321,345,1,1303770869.74674
345,321,1,1303770911.20867
345,346,1,1303771119.85233
202,289,2,1303772422.78745
289,202,2,1303772431.93864
29,347,1,1303772944.96537
29,186,1,1303773860.99357
186,29,1,1303774650.80189
296,7,5,1303786886.4105
308,39,4,1303790029.14756
308,21,3,1303790039.02017
308,1,3,1303790378.72756
214,202,1,1303796627.54956
202,214,1,1303797148.42775
101,315,-10,1303803390.95239
257,268,6,1303809801.62217
249,349,1,1303822178.84983
349,249,5,1303822716.99619
257,283,3,1303827793.27587
340,60,6,1303838072.26902
257,336,3,1303838591.28198
35,251,1,1303845167.27664
251,35,1,1303845243.45631
239,219,1,1303846262.39354
219,239,1,1303846551.95547
266,350,2,1303848296.49303
350,266,2,1303848299.49944
7,4,4,1303848523.63039
60,340,1,1303853897.02772
60,21,1,1303853921.30274
324,204,1,1303859428.56157
346,345,1,1303862752.23722
321,215,1,1303864137.61478
215,321,1,1303864206.98137
62,293,3,1303875882.5386
293,62,3,1303876659.70946
202,7,5,1303879812.75084
202,251,2,1303880144.4238
352,4,1,1303880260.73877
7,202,4,1303881691.04131
353,144,1,1303883331.20928
144,353,1,1303883385.52961
7,354,1,1303900440.54604
354,7,1,1303901659.97636
64,353,1,1303908513.50166
141,285,1,1303922221.40186
350,353,2,1303927207.77541
353,350,2,1303927224.35123
135,355,1,1303932463.01531
355,135,1,1303932531.87122
202,356,1,1303937112.16344
356,202,1,1303937174.10949
310,7,5,1303938048.33153
41,357,2,1303938319.70929
285,141,1,1303940229.89779
324,202,1,1303941921.58969
202,324,1,1303941960.59131
304,1,1,1303959108.70226
353,304,1,1303971582.17195
304,353,1,1303971592.98306
257,359,5,1303971805.93154
257,21,5,1303975398.36775
346,257,1,1303979893.31982
204,324,1,1303984278.46176
60,254,3,1304002118.91541
339,60,3,1304003460.3725
1,139,2,1304004287.17006
139,202,1,1304004832.04029
202,139,1,1304004869.32409
139,1,2,1304005562.32289
219,359,1,1304007616.71612
359,257,3,1304007756.08595
257,244,5,1304007796.43956
359,60,3,1304007851.46411
270,135,1,1304009754.87015
135,270,1,1304009836.14982
37,93,2,1304013658.04995
285,360,3,1304014701.3265
285,7,2,1304017232.39689
7,134,3,1304024850.87669
288,307,1,1304033113.23524
202,4,7,1304034294.12591
324,1,1,1304034490.73288
1,324,1,1304034493.75013
144,366,1,1304040267.90605
249,367,1,1304041764.0283
367,249,1,1304043050.45883
7,368,1,1304043629.91166
368,7,1,1304043928.26158
254,60,3,1304044790.38454
39,298,3,1304050377.93646
298,39,3,1304050418.44609
325,62,2,1304050444.66638
358,7,3,1304050578.94532
358,202,3,1304050596.79158
202,358,3,1304050847.15276
228,293,1,1304053176.97775
249,62,1,1304082870.97289
62,249,1,1304082886.16874
356,370,1,1304089664.58243
370,356,1,1304089962.57281
249,371,1,1304090789.49109
371,249,1,1304091083.25903
356,1,1,1304098147.66104
1,356,1,1304098159.58875
372,257,5,1304098427.47301
41,257,2,1304101630.92178
372,41,1,1304101672.64664
41,372,1,1304101856.34882
293,296,5,1304103543.97705
202,363,3,1304104276.19992
363,202,4,1304104938.65569
257,295,4,1304108612.92615
41,265,1,1304112865.31673
265,41,1,1304112971.58778
7,142,3,1304118180.08223
149,17,2,1304126754.0844
17,149,2,1304126859.89419
17,375,2,1304129066.89126
17,7,4,1304135542.26647
29,62,2,1304137573.44221
62,29,1,1304137620.05769
33,325,1,1304142166.74482
325,33,1,1304142197.64358
339,257,4,1304146150.95018
202,377,1,1304146431.61679
377,202,1,1304146740.5419
33,202,1,1304150454.51869
202,33,1,1304150470.97135
41,201,1,1304153138.57605
374,35,1,1304163100.91878
257,284,4,1304166224.50353
366,346,1,1304173774.94207
346,366,1,1304175033.05864
366,144,1,1304175789.09058
215,378,1,1304186094.23204
378,215,1,1304186120.3181
322,379,1,1304191920.30566
379,322,1,1304192004.70224
372,380,1,1304193306.26912
380,372,1,1304193334.0751
6,219,4,1304194321.51897
219,6,2,1304194336.64747
219,375,2,1304194686.59664
273,141,2,1304198780.8611
285,60,1,1304204145.85062
60,285,1,1304204295.02785
360,285,3,1304207904.95818
309,382,1,1304213842.93619
382,309,1,1304213905.86492
248,383,1,1304216680.81339
383,248,1,1304216716.71788
178,384,1,1304220345.48512
384,178,1,1304220444.81021
372,385,1,1304224026.42546
385,372,1,1304224063.50218
134,7,3,1304230989.10599
386,348,1,1304231646.08288
348,386,1,1304231668.12081
353,386,1,1304232012.88299
386,353,1,1304232036.06997
386,387,1,1304233846.3786
387,386,1,1304234051.23997
383,339,1,1304234839.15735
339,383,1,1304234876.52822
148,388,1,1304239724.96469
380,186,1,1304252439.61547
186,380,1,1304253481.82722
346,171,1,1304261832.10758
143,380,1,1304270419.00064
380,143,1,1304270434.9327
134,389,1,1304272624.8508
389,134,1,1304272629.42698
134,390,1,1304273832.10115
390,134,1,1304273840.94555
390,391,1,1304273866.10585
391,390,1,1304273964.86729
257,392,5,1304274210.87169
4,202,8,1304275176.59281
4,125,2,1304277450.28933
125,4,2,1304277510.85768
330,7,10,1304278704.77368
143,351,1,1304278783.3529
351,143,1,1304278792.34515
393,7,1,1304280792.786
393,342,1,1304280808.72243
342,393,1,1304280974.38589
7,393,1,1304280998.43631
342,395,10,1304281113.55183
266,233,2,1304283199.10446
77,396,1,1304283469.79819
396,77,1,1304283484.40465
357,266,2,1304283584.68574
249,393,1,1304284006.12515
357,347,2,1304284547.03554
393,249,1,1304284906.13342
257,397,5,1304285013.83829
77,20,3,1304285214.50863
77,308,1,1304285342.74905
7,159,1,1304286473.23536
156,353,1,1304287786.60821
353,156,1,1304287820.66562
346,399,1,1304287947.70319
4,19,6,1304288061.6504
399,346,1,1304288143.69691
347,202,1,1304288193.88771
257,400,5,1304288595.12749
400,257,5,1304290597.21316
57,401,1,1304291588.28338
401,57,1,1304291603.7651
401,402,1,1304291618.41432
171,346,2,1304292259.71094
402,401,1,1304292259.75058
393,387,2,1304294892.46352
387,393,2,1304294984.65738
393,347,1,1304295961.18068
347,393,1,1304295981.57977
80,403,1,1304298270.92618
403,80,1,1304298567.10317
288,404,1,1304299009.19154
404,288,1,1304299132.93428
215,288,1,1304299847.2703
288,215,1,1304299848.14069
401,230,2,1304300122.36851
230,401,2,1304300369.23913
347,405,1,1304302497.33882
405,347,1,1304302522.41345
345,7,1,1304303707.22647
7,345,2,1304303804.54562
235,348,1,1304305174.59351
348,235,1,1304305182.85883
235,406,1,1304307672.96121
406,235,1,1304307687.02267
64,407,1,1304310339.724
393,408,1,1304310940.62387
408,393,2,1304311010.66311
4,2,6,1304313526.7069
155,7,5,1304314810.41999
7,155,4,1304314930.11222
198,230,5,1304316430.24687
293,7,2,1304317054.4144
353,409,1,1304319675.46808
409,353,1,1304319681.44465
410,198,2,1304325274.68778
410,7,1,1304325318.41457
410,320,3,1304325338.76824
410,201,10,1304325483.83627
312,409,1,1304328454.68498
409,312,1,1304328456.92748
198,330,3,1304344954.35133
330,198,3,1304345554.45114
198,411,1,1304345640.89835
411,198,1,1304345750.70556
257,177,4,1304346187.16027
198,412,1,1304346190.53891
412,198,1,1304346198.16035
198,2,8,1304347161.86053
2,198,5,1304347196.41986
320,410,1,1304351240.17051
298,412,3,1304352110.87991
412,298,3,1304352150.4003
257,414,4,1304353402.4212
257,415,5,1304353418.0465
414,60,5,1304354989.66484
202,347,2,1304355528.62625
1,51,1,1304355927.53321
412,392,1,1304358452.04578
1,384,1,1304359309.07414
384,1,1,1304359311.52543
392,412,1,1304364402.77031
239,37,1,1304364648.52537
37,239,1,1304365893.75496
7,418,2,1304367720.99393
396,392,1,1304367747.126
418,7,2,1304367782.07106
392,396,1,1304367783.47506
1,399,1,1304368646.03889
399,1,1,1304368666.30165
418,104,2,1304370485.25163
149,64,2,1304370616.55569
104,418,2,1304370687.40515
257,340,6,1304375007.78152
236,152,1,1304375796.39077
320,142,1,1304375955.25487
142,320,1,1304376692.03429
356,104,2,1304377152.67512
104,356,3,1304377205.85912
215,404,1,1304380869.41801
404,215,1,1304380949.85115
259,219,1,1304383365.32546
219,259,1,1304383559.90045
300,64,1,1304384872.95811
64,300,1,1304385136.98648
270,421,1,1304385668.58767
421,270,1,1304385878.20314
405,423,1,1304388442.34257
423,405,1,1304388450.87191
257,372,6,1304389395.40553
333,257,4,1304390658.16343
387,401,3,1304392818.74742
401,387,3,1304392836.70894
330,80,3,1304392865.74244
80,330,3,1304393057.95568
257,341,4,1304396617.57314
104,427,3,1304404273.61811
427,104,1,1304404380.46512
353,202,3,1304405509.89733
202,353,3,1304405535.07094
144,7,1,1304407100.50003
7,144,1,1304407106.34326
350,347,3,1304428321.94678
256,428,1,1304430541.64005
428,256,1,1304430584.68364
143,35,3,1304430800.20752
283,428,1,1304432036.98012
350,77,1,1304432111.37124
77,256,1,1304432479.1376
256,77,1,1304432495.70073
428,283,1,1304432506.87816
77,350,1,1304432510.6678
7,429,1,1304432824.64443
429,7,1,1304432849.15152
77,125,1,1304433266.93541
125,77,2,1304433317.01562
256,402,1,1304433403.75093
402,256,1,1304433414.41528
371,35,2,1304434011.8455
347,350,3,1304434148.66304
257,332,3,1304436188.01547
394,430,1,1304436720.92628
257,339,4,1304439811.00769
366,410,-10,1304442703.36657
366,432,1,1304443251.59438
432,410,-10,1304443259.7652
423,421,1,1304448830.804
421,423,1,1304448842.05077
239,15,2,1304449745.19903
386,377,1,1304453241.98472
383,423,1,1304459443.71955
423,383,1,1304459648.49948
423,387,1,1304459685.67705
387,423,1,1304459716.88398
270,7,4,1304461216.08904
353,433,1,1304463404.12543
433,353,2,1304464673.88642
257,297,4,1304464994.92781
215,434,1,1304465476.51686
45,435,1,1304466955.95667
435,45,1,1304466988.01987
433,421,1,1304466996.29265
421,433,2,1304467199.41499
286,80,1,1304467454.67468
80,286,1,1304467599.92763
404,166,1,1304468890.59838
166,404,1,1304468927.47764
405,433,1,1304469889.52607
433,405,1,1304469924.31848
433,404,2,1304470291.74763
404,433,2,1304470314.1565
7,293,2,1304471736.24443
7,410,-1,1304474308.43328
257,322,4,1304475792.57771
198,288,1,1304476730.2378
178,181,2,1304476904.23699
433,436,1,1304477092.30553
436,433,1,1304477290.9659
288,198,1,1304477449.75454
181,178,2,1304477700.90761
202,301,4,1304480355.56937
430,394,1,1304480494.44592
301,202,4,1304480950.95639
393,203,1,1304484763.36523
203,393,1,1304484816.70528
301,437,1,1304485819.89334
437,301,1,1304485844.81063
1,438,1,1304488104.52372
438,1,1,1304488263.25871
434,215,1,1304490824.30485
7,270,5,1304497864.54586
15,297,2,1304514927.6556
203,439,1,1304517599.09822
439,203,1,1304517619.95299
404,51,1,1304520736.36914
404,308,1,1304522522.9748
308,404,1,1304522529.0758
439,184,1,1304523071.53474
257,105,6,1304526185.55459
441,60,1,1304530053.96396
1,442,1,1304533792.72692
320,443,2,1304534184.10356
442,1,1,1304534420.72025
440,444,1,1304535380.6979
443,320,2,1304535620.15969
444,440,1,1304535751.90069
180,445,1,1304539110.54845
445,180,3,1304539437.0186
257,310,4,1304540582.86115
443,410,-10,1304541347.63231
399,408,1,1304542673.00457
408,399,1,1304542875.0095
325,353,1,1304544480.17094
353,325,1,1304544589.26946
298,446,1,1304546681.64546
446,298,1,1304546683.38426
1,144,5,1304552017.94592
144,1,5,1304552044.83796
214,443,2,1304553527.89102
257,309,3,1304555013.09538
443,214,2,1304555865.82401
378,203,1,1304556086.62694
352,296,2,1304559398.49593
219,1,10,1304559545.49177
219,446,2,1304559598.62538
7,365,1,1304559682.00964
365,7,1,1304559688.18341
446,219,2,1304559873.43178
310,25,1,1304562938.43025
363,25,2,1304563060.91542
1,219,3,1304563247.67285
436,448,1,1304564083.59957
448,436,1,1304564141.4596
202,310,1,1304564630.89593
7,449,1,1304565310.19314
449,7,1,1304565390.49427
310,202,1,1304565474.24853
1,47,3,1304570103.14659
257,431,4,1304573020.56303
397,278,8,1304577636.88522
397,62,3,1304577808.20657
397,3,3,1304577832.84222
397,257,5,1304578272.91008
320,1,3,1304579347.76918
1,320,3,1304579354.06006
304,322,1,1304580252.50226
322,304,1,1304580340.45992
297,15,2,1304589412.82237
322,35,1,1304591695.54434
363,450,1,1304593841.07414
450,363,1,1304593874.38356
254,296,2,1304597280.17086
203,378,2,1304602980.71928
206,198,1,1304603765.46944
198,285,2,1304604671.01839
285,198,1,1304604834.67686
51,451,10,1304606969.23015
451,51,10,1304607136.43816
451,452,1,1304608664.69309
452,451,1,1304608742.63672
51,453,1,1304609769.0006
51,1,1,1304610490.23844
384,51,5,1304613174.06991
453,51,1,1304617816.92688
453,454,1,1304617907.32769
257,41,4,1304619814.07538
198,455,1,1304625601.79144
443,456,2,1304632415.35146
35,322,1,1304632429.08472
35,143,3,1304632497.61571
35,374,1,1304632735.45239
35,353,1,1304632831.46489
198,457,1,1304633391.29026
457,198,1,1304633716.80532
198,421,1,1304633724.71179
